[
  {
    "name": "theme_info",
    "theme_name": "Simple",
    "theme_author": "Shopify",
    "theme_version": "3.4.1",
    "theme_documentation_url": "https://help.shopify.com/manual/using-themes/sections",
    "theme_support_url": "https://support.shopify.com/"
  },
  {
    "name": "Colors",
    "settings": [
      {
        "type": "color",
        "id": "color_body_bg",
        "label": "Background",
        "default": "#ffffff"
      },
      {
        "type": "color",
        "id": "color_body_text",
        "label": "Text",
        "default": "#000000"
      },
      {
        "type": "color",
        "id": "color_primary_color",
        "label": "Links and primary button background",
        "default": "#000000",
        "info": "View cart, Check out, and body text links"
      },
      {
        "type": "color",
        "id": "color_primary_button_text",
        "label": "Primary button text",
        "default": "#000000"
      },
      {
        "type": "color",
        "id": "color_secondary_button_outline",
        "label": "Secondary button outline and text",
        "default": "#000000",
        "info": "Add to cart, Update cart"
      },
      {
        "type": "color",
        "id": "color_secondary_button_text_hover",
        "label": "Secondary button text on hover",
        "default": "#ffffff"
      },
      {
        "type": "color",
        "id": "color_sale_badge",
        "label": "Sale tags",
        "default": "#000000"
      },
      {
        "type": "color",
        "id": "color_borders",
        "label": "Borders and lines",
        "default": "#eceff1"
      },
      {
        "type": "color",
        "id": "color_form",
        "label": "Form field background",
        "default": "#f4f4f4"
      },
      {
        "type": "header",
        "content": "Image overlays"
      },
      {
        "type": "color",
        "id": "color_image_overlay_text",
        "label": "Text",
        "default": "#fff"
      },
      {
        "type": "color",
        "id": "color_image_overlay",
        "label": "Background",
        "default": "#3d4246"
      },
      {
        "type": "range",
        "id": "image_overlay_opacity",
        "label": "Opacity",
        "min": 0,
        "max": 100,
        "step": 1,
        "unit": "%",
        "default": 25
      }
    ]
  },
  {
    "name": "Typography",
    "settings": [
      {
        "type": "header",
        "content": "Headings"
      },
      {
        "type": "select",
        "id": "type_header_family",
        "label": "Font",
        "options": [
          {
            "value": "Arial, 'Helvetica Neue', Helvetica, sans-serif",
            "label": "Arial",
            "group": "Sans-serif"
          },
          {
            "value": "'Avant Garde', Avantgarde, 'Century Gothic', CenturyGothic, 'AppleGothic', sans-serif",
            "label": "Avant Garde",
            "group": "Sans-serif"
          },
          {
            "value": "Candara, Calibri, Segoe, 'Segoe UI', Optima, Arial, sans-serif",
            "label": "Candara",
            "group": "Sans-serif"
          },
          {
            "value": "Geneva, Tahoma, Verdana, sans-serif",
            "label": "Geneva",
            "group": "Sans-serif"
          },
          {
            "value": "'Gill Sans', 'Gill Sans MT', Calibri, sans-serif",
            "label": "Gill Sans",
            "group": "Sans-serif"
          },
          {
            "value": "'HelveticaNeue', 'Helvetica Neue', Helvetica, Arial, sans-serif",
            "label": "Helvetica Neue",
            "group": "Sans-serif"
          },
          {
            "value": "Google_Arimo_400_sans",
            "label": "Arimo",
            "group": "Sans-serif | Google Web Fonts"
          },
          {
            "value": "Google_Arimo_700_sans",
            "label": "Arimo Bold",
            "group": "Sans-serif | Google Web Fonts"
          },
          {
            "value": "Google_Droid+Sans_400_sans",
            "label": "Droid Sans",
            "group": "Sans-serif | Google Web Fonts"
          },
          {
            "value": "Google_Droid+Sans_700_sans",
            "label": "Droid Sans Bold",
            "group": "Sans-serif | Google Web Fonts"
          },
          {
            "value": "Google_Karla_400_sans",
            "label": "Karla",
            "group": "Sans-serif | Google Web Fonts"
          },
          {
            "value": "Google_Karla_700_sans",
            "label": "Karla Bold",
            "group": "Sans-serif | Google Web Fonts"
          },
          {
            "value": "Google_Lato_400_sans",
            "label": "Lato",
            "group": "Sans-serif | Google Web Fonts"
          },
          {
            "value": "Google_Lato_700_sans",
            "label": "Lato Bold",
            "group": "Sans-serif | Google Web Fonts"
          },
          {
            "value": "Google_Montserrat_400_sans",
            "label": "Montserrat",
            "group": "Sans-serif | Google Web Fonts"
          },
          {
            "value": "Google_Montserrat_700_sans",
            "label": "Montserrat Bold",
            "group": "Sans-serif | Google Web Fonts"
          },
          {
            "value": "Google_Open+Sans_400_sans",
            "label": "Open Sans",
            "group": "Sans-serif | Google Web Fonts"
          },
          {
            "value": "Google_Open+Sans_700_sans",
            "label": "Open Sans Bold",
            "group": "Sans-serif | Google Web Fonts"
          },
          {
            "value": "Google_PT+Sans_400_sans",
            "label": "PT Sans",
            "group": "Sans-serif | Google Web Fonts"
          },
          {
            "value": "Google_PT+Sans_700_sans",
            "label": "PT Sans Bold",
            "group": "Sans-serif | Google Web Fonts"
          },
          {
            "value": "Google_Quantico_400_sans",
            "label": "Quantico",
            "group": "Sans-serif | Google Web Fonts"
          },
          {
            "value": "Google_Quantico_700_sans",
            "label": "Quantico Bold",
            "group": "Sans-serif | Google Web Fonts"
          },
          {
            "value": "Google_Roboto_400_sans",
            "label": "Roboto",
            "group": "Sans-serif | Google Web Fonts"
          },
          {
            "value": "Google_Roboto_700_sans",
            "label": "Roboto Bold",
            "group": "Sans-serif | Google Web Fonts"
          },
          {
            "value": "Google_Source+Sans+Pro_400_sans",
            "label": "Source Sans Pro",
            "group": "Sans-serif | Google Web Fonts"
          },
          {
            "value": "Google_Source+Sans+Pro_700_sans",
            "label": "Source Sans Pro Bold",
            "group": "Sans-serif | Google Web Fonts"
          },
          {
            "value": "Google_Ubuntu_400_sans",
            "label": "Ubuntu",
            "group": "Sans-serif | Google Web Fonts"
          },
          {
            "value": "Google_Ubuntu_700_sans",
            "label": "Ubuntu Bold",
            "group": "Sans-serif | Google Web Fonts"
          },
          {
            "value": "Google_Work-Sans_400_sans",
            "label": "Work Sans",
            "group": "Sans-serif | Google Web Fonts"
          },
          {
            "value": "Google_Work-Sans_700_sans",
            "label": "Work Sans Bold",
            "group": "Sans-serif | Google Web Fonts"
          },
          {
            "value": "Baskerville, 'Baskerville Old Face', 'Hoefler Text', Garamond, 'Times New Roman', serif",
            "label": "Baskerville",
            "group": "Serif"
          },
          {
            "value": "'Big Caslon', 'Book Antiqua', 'Palatino Linotype', Georgia, serif",
            "label": "Big Caslon",
            "group": "Serif"
          },
          {
            "value": "'Calisto MT', 'Bookman Old Style', Bookman, 'Goudy Old Style', Garamond, 'Hoefler Text', 'Bitstream Charter', Georgia, serif",
            "label": "Calisto MT",
            "group": "Serif"
          },
          {
            "value": "Garamond, Baskerville, 'Baskerville Old Face', 'Hoefler Text', 'Times New Roman', serif",
            "label": "Garamond",
            "group": "Serif"
          },
          {
            "value": "TimesNewRoman, 'Times New Roman', Times, Baskerville, Georgia, serif",
            "label": "Times New Roman",
            "group": "Serif"
          },
          {
            "value": "Google_Arvo_400_serif",
            "label": "Arvo",
            "group": "Serif | Google Web Fonts"
          },
          {
            "value": "Google_Arvo_700_serif",
            "label": "Arvo Bold",
            "group": "Serif | Google Web Fonts"
          },
          {
            "value": "Google_Crimson+Text_400_serif",
            "label": "Crimson Text",
            "group": "Serif | Google Web Fonts"
          },
          {
            "value": "Google_Crimson+Text_700_serif",
            "label": "Crimson Text Bold",
            "group": "Serif | Google Web Fonts"
          },
          {
            "value": "Google_Droid+Serif_400_serif",
            "label": "Droid Serif",
            "group": "Serif | Google Web Fonts"
          },
          {
            "value": "Google_Droid+Serif_700_serif",
            "label": "Droid Serif Bold",
            "group": "Serif | Google Web Fonts"
          },
          {
            "value": "Google_Lora_400_serif",
            "label": "Lora",
            "group": "Serif | Google Web Fonts"
          },
          {
            "value": "Google_Lora_700_serif",
            "label": "Lora Bold",
            "group": "Serif | Google Web Fonts"
          },
          {
            "value": "Google_Old+Standard+TT_400_serif",
            "label": "Old Standard",
            "group": "Serif | Google Web Fonts"
          },
          {
            "value": "Google_Old+Standard+TT_700_serif",
            "label": "Old Standard Bold",
            "group": "Serif | Google Web Fonts"
          },
          {
            "value": "Google_PT+Serif_400_serif",
            "label": "PT Serif",
            "group": "Serif | Google Web Fonts"
          },
          {
            "value": "Google_PT+Serif_700_serif",
            "label": "PT Serif Bold",
            "group": "Serif | Google Web Fonts"
          },
          {
            "value": "Google_Vollkorn_400_serif",
            "label": "Vollkorn",
            "group": "Serif | Google Web Fonts"
          },
          {
            "value": "Google_Vollkorn_700_serif",
            "label": "Vollkorn Bold",
            "group": "Serif | Google Web Fonts"
          }
        ]
      },
      {
        "type": "select",
        "id": "type_header_base_size",
        "label": "Base size",
        "options": [
          {
            "value": "20px",
            "label": "20px"
          },
          {
            "value": "21px",
            "label": "21px"
          },
          {
            "value": "22px",
            "label": "22px"
          },
          {
            "value": "23px",
            "label": "23px"
          },
          {
            "value": "24px",
            "label": "24px"
          },
          {
            "value": "25px",
            "label": "25px"
          },
          {
            "value": "26px",
            "label": "26px"
          },
          {
            "value": "27px",
            "label": "27px"
          },
          {
            "value": "28px",
            "label": "28px"
          },
          {
            "value": "29px",
            "label": "29px"
          },
          {
            "value": "30px",
            "label": "30px"
          },
          {
            "value": "31px",
            "label": "31px"
          },
          {
            "value": "32px",
            "label": "32px"
          }
        ]
      },
      {
        "type": "header",
        "content": "Body text"
      },
      {
        "type": "select",
        "id": "type_base_family",
        "label": "Font",
        "options": [
          {
            "value": "Arial, 'Helvetica Neue', Helvetica, sans-serif",
            "label": "Arial",
            "group": "Sans-serif"
          },
          {
            "value": "'Avant Garde', Avantgarde, 'Century Gothic', CenturyGothic, 'AppleGothic', sans-serif",
            "label": "Avant Garde",
            "group": "Sans-serif"
          },
          {
            "value": "Candara, Calibri, Segoe, 'Segoe UI', Optima, Arial, sans-serif",
            "label": "Candara",
            "group": "Sans-serif"
          },
          {
            "value": "Geneva, Tahoma, Verdana, sans-serif",
            "label": "Geneva",
            "group": "Sans-serif"
          },
          {
            "value": "'Gill Sans', 'Gill Sans MT', Calibri, sans-serif",
            "label": "Gill Sans",
            "group": "Sans-serif"
          },
          {
            "value": "'HelveticaNeue', 'Helvetica Neue', Helvetica, Arial, sans-serif",
            "label": "Helvetica Neue",
            "group": "Sans-serif"
          },
          {
            "value": "Google_Droid+Sans_400_sans",
            "label": "Droid Sans",
            "group": "Sans-serif | Google Web Fonts"
          },
          {
            "value": "Google_Droid+Sans_700_sans",
            "label": "Droid Sans Bold",
            "group": "Sans-serif | Google Web Fonts"
          },
          {
            "value": "Google_Karla_400_sans",
            "label": "Karla",
            "group": "Sans-serif | Google Web Fonts"
          },
          {
            "value": "Google_Karla_700_sans",
            "label": "Karla Bold",
            "group": "Sans-serif | Google Web Fonts"
          },
          {
            "value": "Google_Lato_400_sans",
            "label": "Lato",
            "group": "Sans-serif | Google Web Fonts"
          },
          {
            "value": "Google_Lato_700_sans",
            "label": "Lato Bold",
            "group": "Sans-serif | Google Web Fonts"
          },
          {
            "value": "Google_Montserrat_400_sans",
            "label": "Montserrat",
            "group": "Sans-serif | Google Web Fonts"
          },
          {
            "value": "Google_Montserrat_700_sans",
            "label": "Montserrat Bold",
            "group": "Sans-serif | Google Web Fonts"
          },
          {
            "value": "Google_Open+Sans_400_sans",
            "label": "Open Sans",
            "group": "Sans-serif | Google Web Fonts"
          },
          {
            "value": "Google_Open+Sans_700_sans",
            "label": "Open Sans Bold",
            "group": "Sans-serif | Google Web Fonts"
          },
          {
            "value": "Google_PT+Sans_400_sans",
            "label": "PT Sans",
            "group": "Sans-serif | Google Web Fonts"
          },
          {
            "value": "Google_PT+Sans_700_sans",
            "label": "PT Sans Bold",
            "group": "Sans-serif | Google Web Fonts"
          },
          {
            "value": "Google_Roboto_400_sans",
            "label": "Roboto",
            "group": "Sans-serif | Google Web Fonts"
          },
          {
            "value": "Google_Roboto_700_sans",
            "label": "Roboto Bold",
            "group": "Sans-serif | Google Web Fonts"
          },
          {
            "value": "Google_Source+Sans+Pro_400_sans",
            "label": "Source Sans Pro",
            "group": "Sans-serif | Google Web Fonts"
          },
          {
            "value": "Google_Source+Sans+Pro_700_sans",
            "label": "Source Sans Pro Bold",
            "group": "Sans-serif | Google Web Fonts"
          },
          {
            "value": "Google_Ubuntu_400_sans",
            "label": "Ubuntu",
            "group": "Sans-serif | Google Web Fonts"
          },
          {
            "value": "Google_Ubuntu_700_sans",
            "label": "Ubuntu Bold",
            "group": "Sans-serif | Google Web Fonts"
          },
          {
            "value": "Google_Work-Sans_400_sans",
            "label": "Work Sans",
            "group": "Sans-serif | Google Web Fonts"
          },
          {
            "value": "Google_Work-Sans_700_sans",
            "label": "Work Sans Bold",
            "group": "Sans-serif | Google Web Fonts"
          },
          {
            "value": "Baskerville, 'Baskerville Old Face', 'Hoefler Text', Garamond, 'Times New Roman', serif",
            "label": "Baskerville",
            "group": "Serif"
          },
          {
            "value": "'Big Caslon', 'Book Antiqua', 'Palatino Linotype', Georgia, serif",
            "label": "Big Caslon",
            "group": "Serif"
          },
          {
            "value": "'Calisto MT', 'Bookman Old Style', Bookman, 'Goudy Old Style', Garamond, 'Hoefler Text', 'Bitstream Charter', Georgia, serif",
            "label": "Calisto MT",
            "group": "Serif"
          },
          {
            "value": "Garamond, Baskerville, 'Baskerville Old Face', 'Hoefler Text', 'Times New Roman', serif",
            "label": "Garamond",
            "group": "Serif"
          },
          {
            "value": "Georgia, 'Hoefler Text', 'Times New Roman', serif",
            "label": "Georgia",
            "group": "Serif"
          },
          {
            "value": "TimesNewRoman, 'Times New Roman', Times, Baskerville, Georgia, serif",
            "label": "Times New Roman",
            "group": "Serif"
          },
          {
            "value": "Google_Arapey_400_serif",
            "label": "Arapey",
            "group": "Serif | Google Web Fonts"
          },
          {
            "value": "Google_Arvo_400_serif",
            "label": "Arvo",
            "group": "Serif | Google Web Fonts"
          },
          {
            "value": "Google_Arvo_700_serif",
            "label": "Arvo Bold",
            "group": "Serif | Google Web Fonts"
          },
          {
            "value": "Google_Crimson+Text_400_serif",
            "label": "Crimson Text",
            "group": "Serif | Google Web Fonts"
          },
          {
            "value": "Google_Crimson+Text_700_serif",
            "label": "Crimson Text Bold",
            "group": "Serif | Google Web Fonts"
          },
          {
            "value": "Google_Droid+Serif_400_serif",
            "label": "Droid Serif",
            "group": "Serif | Google Web Fonts"
          },
          {
            "value": "Google_Droid+Serif_700_serif",
            "label": "Droid Serif Bold",
            "group": "Serif | Google Web Fonts"
          },
          {
            "value": "Google_Lora_400_serif",
            "label": "Lora",
            "group": "Serif | Google Web Fonts"
          },
          {
            "value": "Google_Lora_700_serif",
            "label": "Lora Bold",
            "group": "Serif | Google Web Fonts"
          },
          {
            "value": "Google_PT+Serif_400_serif",
            "label": "PT Serif",
            "group": "Serif | Google Web Fonts"
          },
          {
            "value": "Google_PT+Serif_700_serif",
            "label": "PT Serif Bold",
            "group": "Serif | Google Web Fonts"
          },
          {
            "value": "Google_Vollkorn_400_serif",
            "label": "Vollkorn",
            "group": "Serif | Google Web Fonts"
          },
          {
            "value": "Google_Vollkorn_700_serif",
            "label": "Vollkorn Bold",
            "group": "Serif | Google Web Fonts"
          }
        ]
      },
      {
        "type": "select",
        "id": "type_base_size",
        "label": "Base size",
        "options": [
          {
            "value": "14px",
            "label": "14px"
          },
          {
            "value": "15px",
            "label": "15px"
          },
          {
            "value": "16px",
            "label": "16px"
          },
          {
            "value": "17px",
            "label": "17px"
          },
          {
            "value": "18px",
            "label": "18px"
          },
          {
            "value": "19px",
            "label": "19px"
          }
        ]
      },
      {
        "type": "header",
        "content": "Buttons and navigation"
      },
      {
        "type": "select",
        "id": "type_button_base_size",
        "label": "Button size",
        "options": [
          {
            "value": "12px",
            "label": "12px"
          },
          {
            "value": "13px",
            "label": "13px"
          },
          {
            "value": "14px",
            "label": "14px"
          },
          {
            "value": "15px",
            "label": "15px"
          },
          {
            "value": "16px",
            "label": "16px"
          },
          {
            "value": "17px",
            "label": "17px"
          },
          {
            "value": "18px",
            "label": "18px"
          },
          {
            "value": "19px",
            "label": "19px"
          },
          {
            "value": "20px",
            "label": "20px"
          },
          {
            "value": "21px",
            "label": "21px"
          },
          {
            "value": "22px",
            "label": "22px"
          }
        ]
      },
      {
        "type": "select",
        "id": "type_navigation_base_size",
        "label": "Navigation size",
        "options": [
          {
            "value": "12px",
            "label": "12px"
          },
          {
            "value": "13px",
            "label": "13px"
          },
          {
            "value": "14px",
            "label": "14px"
          },
          {
            "value": "15px",
            "label": "15px"
          },
          {
            "value": "16px",
            "label": "16px"
          },
          {
            "value": "17px",
            "label": "17px"
          },
          {
            "value": "18px",
            "label": "18px"
          },
          {
            "value": "19px",
            "label": "19px"
          },
          {
            "value": "20px",
            "label": "20px"
          },
          {
            "value": "21px",
            "label": "21px"
          },
          {
            "value": "22px",
            "label": "22px"
          }
        ]
      }
    ]
  },
  {
    "name": "Cart",
    "settings": [
      {
        "type": "checkbox",
        "id": "cart_enable_ajax",
        "label": "Stay on current page when item is added to cart",
        "default": true
      }
    ]
  },
  {
    "name": "Navigation",
    "settings": [
     {
       "type": "checkbox",
       "id": "show_breadcrumb_nav",
       "label": "Show breadcrumb navigation"
     }
    ]
  },
  {
    "name": "Social media",
    "settings": [
      {
        "type": "header",
        "content": "Sharing links"
      },
      {
        "type": "text",
        "id": "social_facebook_link",
        "label": "Facebook",
        "info": "https://www.facebook.com/shopify"
      },
      {
        "type": "text",
        "id": "social_twitter_link",
        "label": "Twitter",
        "info": "https://twitter.com/shopify"
      },
      {
        "type": "text",
        "id": "social_pinterest_link",
        "label": "Pinterest",
        "info": "https://www.pinterest.com/shopify"
      },
      {
        "type": "text",
        "id": "social_instagram_link",
        "label": "Instagram",
        "info": "https://instagram.com/shopify"
      },
      {
        "type": "text",
        "id": "social_snapchat_link",
        "label": "Snapchat",
        "info": "https://snapchat.com/add/shopify"
      },
      {
        "type": "text",
        "id": "social_google_plus_link",
        "label": "Google Plus",
        "info": "https://plus.google.com/+shopify"
      },
      {
        "type": "text",
        "id": "social_tumblr_link",
        "label": "Tumblr",
        "info": "http://shopify.tumblr.com"
      },
      {
        "type": "text",
        "id": "social_youtube_link",
        "label": "YouTube",
        "info": "https://www.youtube.com/user/shopify"
      },
      {
        "type": "text",
        "id": "social_vimeo_link",
        "label": "Vimeo",
        "info": "https://vimeo.com/shopify"
      },
      {
        "type": "text",
        "id": "social_fancy_link",
        "label": "Fancy",
        "info": "http://fancy.com/Shopify"
      },
      {
        "type": "blog",
        "id": "main_blog",
        "label": "Blog"
      },
      {
        "type": "header",
        "content": "Sharing options"
      },
      {
        "type": "checkbox",
        "id": "share_facebook",
        "label": "Share on Facebook"
      },
      {
        "type": "checkbox",
        "id": "share_twitter",
        "label": "Tweet on Twitter"
      },
      {
        "type": "checkbox",
        "id": "share_pinterest",
        "label": "Pin on Pinterest"
      }
    ]
  },
  {
    "name": "Favicon",
    "settings": [
      {
        "type": "image_picker",
        "id": "favicon",
        "label": "Favicon image",
        "info": "Will be scaled down to 32 x 32px"
      }
    ]
  }
]
