{"current":{"color_body_bg":"#ffffff","color_body_text":"#333333","color_primary_color":"#333333","color_primary_button_text":"#ffffff","color_secondary_button_outline":"#333333","color_secondary_button_text_hover":"#ffffff","color_sale_badge":"#c8493f","color_borders":"#e8e8e8","color_form":"#f4f4f4","color_image_overlay_text":"#fff","color_image_overlay":"#333333","image_overlay_opacity":"25","type_header_family":"TimesNewRoman, 'Times New Roman', Times, Baskerville, Georgia, serif","type_header_base_size":"28px","type_base_family":"'HelveticaNeue', 'Helvetica Neue', Helvetica, Arial, sans-serif","type_base_size":"15px","type_button_base_size":"14px","type_navigation_base_size":"16px","show_breadcrumb_nav":true,"share_facebook":true,"share_twitter":true,"share_pinterest":true,"sections":{"featured-products":{"type":"featured-products","settings":{"home_page_featured_products":"frontpage"}},"featured-content":{"type":"featured-content","blocks":{"featured-content-0":{"type":"text","settings":{}}},"block_order":["featured-content-0"],"settings":{}},"footer":{"type":"footer","blocks":{"footer-0":{"type":"menu","settings":{"menu":"footer"}}},"block_order":["footer-0"],"settings":{}}},"content_for_index":["featured-products","featured-content"]},"presets":{"Beauty":{"color_body_bg":"#f7f7f7","color_body_text":"#3c4049","color_primary_color":"#d97c76","color_primary_button_text":"#ffffff","color_secondary_button_outline":"#d97c76","color_secondary_button_text_hover":"#ffffff","color_sale_badge":"#d97c76","color_borders":"#d7d8d2","color_form":"#ffffff","color_image_overlay_text":"#fff","color_image_overlay":"#3c4049","image_overlay_opacity":"25","type_header_family":"Google_PT+Serif_700_serif","type_header_base_size":"28px","type_base_family":"Google_PT+Serif_400_serif","type_base_size":"16px","type_button_base_size":"12px","type_navigation_base_size":"16px","show_breadcrumb_nav":true,"share_facebook":true,"share_twitter":true,"share_pinterest":true,"sections":{"featured-products":{"type":"featured-products","settings":{"home_page_featured_products":"frontpage"}},"featured-content":{"type":"featured-content","blocks":{"featured-content-0":{"type":"text","settings":{}}},"block_order":["featured-content-0"],"settings":{}},"footer":{"type":"footer","blocks":{"footer-0":{"type":"menu","settings":{"menu":"footer"}}},"block_order":["footer-0"],"settings":{}}},"content_for_index":["featured-products","featured-content"]},"Light":{"color_body_bg":"#ffffff","color_body_text":"#333333","color_primary_color":"#333333","color_primary_button_text":"#ffffff","color_secondary_button_outline":"#333333","color_secondary_button_text_hover":"#ffffff","color_sale_badge":"#c8493f","color_borders":"#e8e8e8","color_form":"#f4f4f4","color_image_overlay_text":"#fff","color_image_overlay":"#333333","image_overlay_opacity":"25","type_header_family":"TimesNewRoman, 'Times New Roman', Times, Baskerville, Georgia, serif","type_header_base_size":"28px","type_base_family":"'HelveticaNeue', 'Helvetica Neue', Helvetica, Arial, sans-serif","type_base_size":"15px","type_button_base_size":"14px","type_navigation_base_size":"16px","show_breadcrumb_nav":true,"share_facebook":true,"share_twitter":true,"share_pinterest":true,"sections":{"featured-products":{"type":"featured-products","settings":{"home_page_featured_products":"frontpage"}},"featured-content":{"type":"featured-content","blocks":{"featured-content-0":{"type":"text","settings":{}}},"block_order":["featured-content-0"],"settings":{}},"footer":{"type":"footer","blocks":{"footer-0":{"type":"menu","settings":{"menu":"footer"}}},"block_order":["footer-0"],"settings":{}}},"content_for_index":["featured-products","featured-content"]}}}